datetime,feelslike,precip,precipcover,windspeed,day_length
2017-01-01,3.800,8.976,12.500,20.300,7.936
2017-01-02,0.900,2.000,4.170,15.400,7.956
2017-01-03,-1.000,0.001,4.170,20.200,7.978
2017-01-04,2.500,0.000,0.000,17.600,8.002
2017-01-05,2.200,0.000,0.000,7.400,8.027
2017-01-06,1.800,1.002,8.330,16.400,8.054
2017-01-07,7.800,2.214,12.500,15.600,8.082
2017-01-08,8.900,0.201,4.170,7.900,8.113
2017-01-09,6.000,3.395,16.670,23.500,8.144
2017-01-10,4.100,1.986,4.170,17.200,8.177
2017-01-11,6.400,0.000,0.000,27.800,8.211
2017-01-12,1.900,16.969,8.330,24.400,8.247
2017-01-13,-1.300,2.598,8.330,33.500,8.284
2017-01-14,-0.900,0.404,8.330,17.600,8.322
2017-01-15,3.400,5.407,12.500,15.900,8.362
2017-01-16,4.300,3.409,12.500,8.400,8.403
2017-01-17,2.700,0.000,0.000,8.200,8.445
2017-01-18,1.100,0.000,0.000,15.100,8.488
2017-01-19,2.300,0.000,0.000,12.500,8.533
2017-01-20,1.300,0.001,4.170,16.700,8.578
2017-01-21,0.000,0.000,0.000,15.000,8.624
2017-01-22,0.400,0.000,0.000,6.900,8.672
2017-01-23,0.600,0.199,8.330,6.400,8.721
2017-01-24,3.300,0.001,4.170,11.500,8.770
2017-01-25,0.000,0.001,4.170,11.300,8.820
2017-01-26,-3.400,0.000,0.000,13.000,8.871
2017-01-27,0.800,0.000,0.000,17.100,8.923
2017-01-28,4.900,0.202,12.500,22.700,8.976
2017-01-29,4.100,4.002,12.500,19.800,9.030
2017-01-30,6.300,9.000,4.170,15.500,9.084
2017-01-31,4.300,0.601,8.330,17.900,9.139
2017-02-01,10.100,7.990,8.330,23.700,9.195
2017-02-02,10.800,0.211,12.500,27.600,9.251
2017-02-03,6.900,0.816,12.500,37.200,9.308
2017-02-04,4.600,1.606,8.330,13.400,9.366
2017-02-05,3.000,0.207,12.500,16.600,9.424
2017-02-06,3.400,0.000,0.000,17.300,9.482
2017-02-07,6.400,6.204,8.330,15.200,9.542
2017-02-08,2.800,0.000,0.000,13.600,9.601
2017-02-09,-0.900,0.000,0.000,17.300,9.661
2017-02-10,-1.400,0.401,16.670,15.900,9.722
2017-02-11,-1.400,1.001,12.500,15.500,9.783
2017-02-12,-0.100,0.602,8.330,22.100,9.844
2017-02-13,2.400,0.000,0.000,26.800,9.906
2017-02-14,5.500,0.000,0.000,16.300,9.968
2017-02-15,8.400,1.010,4.170,22.500,10.030
2017-02-16,7.500,0.200,8.330,18.600,10.093
2017-02-17,8.400,0.199,4.170,15.600,10.156
2017-02-18,6.700,0.000,0.000,13.900,10.219
2017-02-19,7.400,0.000,0.000,18.000,10.283
2017-02-20,12.600,0.198,4.170,27.400,10.346
2017-02-21,11.800,0.008,8.330,26.300,10.410
2017-02-22,12.200,0.001,4.170,33.600,10.474
2017-02-23,8.700,0.809,8.330,56.400,10.539
2017-02-24,3.800,0.000,0.000,20.800,10.603
2017-02-25,6.400,0.602,4.170,27.900,10.668
2017-02-26,10.300,1.199,8.330,34.200,10.733
2017-02-27,4.300,11.784,16.670,29.200,10.798
2017-02-28,1.500,1.796,8.330,32.300,10.863
2017-03-01,4.500,0.400,16.670,37.600,10.929
2017-03-02,5.100,0.402,4.170,39.300,10.994
2017-03-03,7.200,2.007,4.170,17.500,11.059
2017-03-04,7.600,1.217,12.500,26.900,11.126
2017-03-05,4.600,5.001,12.500,31.600,11.191
2017-03-06,5.700,1.005,4.170,26.000,11.257
2017-03-07,5.700,0.199,4.170,18.500,11.323
2017-03-08,10.100,2.984,8.330,23.800,11.389
2017-03-09,12.900,0.000,0.000,23.400,11.455
2017-03-10,9.000,0.000,0.000,15.300,11.521
2017-03-11,13.100,0.000,0.000,11.000,11.587
2017-03-12,11.600,0.804,8.330,13.700,11.654
2017-03-13,10.900,0.000,0.000,16.700,11.720
2017-03-14,10.700,0.000,0.000,21.100,11.786
2017-03-15,12.100,0.000,0.000,11.600,11.852
2017-03-16,9.500,0.001,4.170,20.500,11.918
2017-03-17,8.000,0.000,0.000,36.400,11.984
2017-03-18,12.600,0.797,8.330,32.500,12.051
2017-03-19,13.100,0.000,0.000,38.000,12.117
2017-03-20,10.500,3.185,12.500,32.600,12.183
2017-03-21,6.000,0.001,4.170,29.800,12.250
2017-03-22,5.000,3.009,8.330,26.700,12.316
2017-03-23,7.300,4.198,8.330,31.500,12.382
2017-03-24,6.900,0.000,0.000,25.000,12.448
2017-03-25,8.300,0.000,0.000,28.600,12.514
2017-03-26,8.600,0.000,0.000,24.700,12.581
2017-03-27,8.900,0.000,0.000,16.200,12.646
2017-03-28,10.700,0.000,0.000,26.200,12.713
2017-03-29,13.200,0.200,4.170,24.300,12.778
2017-03-30,16.100,0.000,0.000,24.600,12.844
2017-03-31,13.900,0.000,0.000,28.700,12.910
2017-04-01,12.200,0.010,4.170,21.200,12.976
2017-04-02,11.400,0.000,0.000,11.300,13.041
2017-04-03,11.700,0.000,0.000,21.300,13.107
2017-04-04,11.600,0.005,8.330,15.000,13.172
2017-04-05,10.500,0.000,0.000,16.300,13.238
2017-04-06,12.000,0.000,0.000,11.700,13.303
2017-04-07,12.300,0.000,0.000,10.500,13.368
2017-04-08,13.600,0.000,0.000,13.000,13.433
2017-04-09,16.100,0.000,0.000,26.700,13.498
2017-04-10,11.600,0.000,0.000,20.700,13.562
2017-04-11,11.000,0.000,0.000,18.500,13.627
2017-04-12,10.700,0.000,0.000,26.100,13.691
2017-04-13,10.400,0.000,0.000,17.700,13.755
2017-04-14,11.600,0.000,0.000,23.300,13.819
2017-04-15,12.000,0.000,0.000,21.700,13.883
2017-04-16,10.500,0.000,0.000,22.600,13.946
2017-04-17,9.500,0.202,8.330,16.400,14.010
2017-04-18,7.400,0.000,0.000,20.700,14.073
2017-04-19,8.200,0.000,0.000,11.900,14.136
2017-04-20,10.400,0.000,0.000,17.900,14.198
2017-04-21,12.500,0.000,0.000,15.800,14.261
2017-04-22,11.700,0.000,0.000,14.600,14.323
2017-04-23,11.000,0.000,0.000,15.300,14.384
2017-04-24,9.600,0.397,4.170,20.300,14.446
2017-04-25,4.100,0.000,0.000,20.400,14.507
2017-04-26,3.600,1.000,8.330,23.500,14.567
2017-04-27,5.800,0.797,4.170,18.600,14.628
2017-04-28,10.000,0.001,4.170,11.400,14.688
2017-04-29,11.100,0.000,0.000,20.900,14.747
2017-04-30,13.500,0.000,0.000,28.400,14.806
2017-05-01,10.400,0.613,12.500,18.200,14.865
2017-05-02,11.800,0.002,4.170,16.300,14.923
2017-05-03,8.700,0.402,12.500,18.900,14.981
2017-05-04,11.000,0.199,8.330,21.300,15.038
2017-05-05,10.900,0.000,0.000,30.400,15.095
2017-05-06,12.200,0.000,0.000,22.800,15.151
2017-05-07,11.700,0.000,0.000,14.500,15.206
2017-05-08,8.900,0.000,0.000,21.800,15.261
2017-05-09,9.400,0.000,0.000,14.100,15.316
2017-05-10,11.600,0.000,0.000,15.800,15.369
2017-05-11,13.700,0.001,4.170,19.000,15.422
2017-05-12,14.900,1.006,12.500,24.600,15.474
2017-05-13,14.300,0.004,8.330,26.200,15.526
2017-05-14,14.800,0.619,12.500,22.100,15.577
2017-05-15,14.400,0.802,8.330,24.800,15.627
2017-05-16,18.800,0.398,4.170,28.500,15.676
2017-05-17,15.900,7.910,16.670,15.600,15.724
2017-05-18,12.500,9.971,8.330,12.300,15.771
2017-05-19,11.700,7.211,12.500,17.100,15.818
2017-05-20,12.000,0.799,12.500,25.200,15.863
2017-05-21,14.900,0.002,4.170,17.500,15.908
2017-05-22,18.200,0.000,0.000,20.400,15.951
2017-05-23,16.900,0.000,0.000,15.100,15.994
2017-05-24,19.800,0.000,0.000,11.000,16.035
2017-05-25,20.000,0.000,0.000,20.200,16.075
2017-05-26,20.400,0.000,0.000,23.700,16.114
2017-05-27,19.300,0.000,0.000,28.600,16.152
2017-05-28,17.400,3.990,4.170,9.200,16.189
2017-05-29,18.000,7.809,12.500,17.300,16.225
2017-05-30,17.700,0.001,4.170,24.200,16.259
2017-05-31,17.900,0.000,0.000,10.800,16.292
2017-06-01,19.200,0.000,0.000,17.000,16.323
2017-06-02,19.000,2.018,4.170,13.800,16.353
2017-06-03,17.700,0.000,0.000,21.600,16.382
2017-06-04,15.200,0.992,4.170,24.700,16.410
2017-06-05,14.900,0.004,4.170,31.900,16.436
2017-06-06,12.900,18.992,12.500,44.200,16.460
2017-06-07,14.900,3.977,4.170,31.500,16.483
2017-06-08,15.700,1.000,8.330,27.400,16.505
2017-06-09,16.400,1.210,8.330,25.500,16.525
2017-06-10,18.300,0.000,0.000,29.700,16.543
2017-06-11,18.900,0.000,0.000,30.000,16.560
2017-06-12,15.900,0.000,0.000,24.000,16.575
2017-06-13,17.600,0.000,0.000,10.200,16.589
2017-06-14,20.200,0.000,0.000,15.400,16.601
2017-06-15,19.200,0.000,0.000,31.200,16.611
2017-06-16,18.100,0.000,0.000,20.700,16.620
2017-06-17,23.100,0.000,0.000,13.600,16.627
2017-06-18,24.700,0.000,0.000,13.600,16.632
2017-06-19,25.300,0.000,0.000,13.800,16.636
2017-06-20,23.700,0.000,0.000,18.200,16.638
2017-06-21,24.700,0.000,0.000,16.200,16.638
2017-06-22,21.600,0.003,4.170,27.100,16.637
2017-06-23,18.900,0.000,0.000,27.900,16.634
2017-06-24,19.200,0.000,0.000,24.900,16.629
2017-06-25,18.300,0.202,4.170,29.800,16.622
2017-06-26,18.600,0.000,0.000,16.600,16.614
2017-06-27,17.300,8.978,8.330,17.500,16.605
2017-06-28,15.300,12.204,8.330,14.500,16.593
2017-06-29,15.200,0.198,4.170,15.600,16.580
2017-06-30,17.900,0.000,0.000,17.000,16.566
2017-07-01,18.100,0.002,4.170,20.000,16.549
2017-07-02,18.900,0.003,4.170,19.700,16.532
2017-07-03,19.100,0.000,0.000,21.600,16.512
2017-07-04,19.600,0.000,0.000,15.100,16.491
2017-07-05,21.900,0.000,0.000,16.600,16.469
2017-07-06,24.200,0.000,0.000,17.900,16.445
2017-07-07,23.500,6.947,4.170,20.700,16.420
2017-07-08,21.800,0.000,0.000,18.100,16.393
2017-07-09,22.100,0.000,0.000,17.300,16.365
2017-07-10,21.300,0.000,0.000,23.700,16.336
2017-07-11,16.600,6.002,8.330,22.600,16.305
2017-07-12,17.300,31.365,12.500,22.000,16.273
2017-07-13,17.900,0.000,0.000,17.900,16.239
2017-07-14,17.800,0.000,0.000,20.500,16.204
2017-07-15,18.100,0.001,4.170,20.000,16.168
2017-07-16,21.400,0.001,4.170,21.900,16.131
2017-07-17,21.000,0.002,4.170,16.700,16.092
2017-07-18,21.300,0.000,0.000,24.900,16.053
2017-07-19,20.200,5.422,8.330,24.600,16.012
2017-07-20,18.200,0.406,8.330,27.100,15.971
2017-07-21,17.900,0.000,0.000,26.600,15.928
2017-07-22,14.900,18.401,16.670,21.500,15.884
2017-07-23,15.100,0.999,12.500,24.100,15.840
2017-07-24,16.100,0.405,12.500,22.300,15.794
2017-07-25,17.900,0.000,0.000,14.900,15.748
2017-07-26,17.800,0.806,4.170,25.600,15.700
2017-07-27,16.600,3.977,8.330,26.400,15.652
2017-07-28,16.800,1.996,8.330,29.300,15.603
2017-07-29,17.500,4.209,8.330,23.200,15.553
2017-07-30,17.500,24.487,12.500,27.000,15.502
2017-07-31,17.600,0.000,0.000,24.100,15.451
2017-08-01,17.600,0.002,4.170,23.400,15.399
2017-08-02,17.100,7.003,8.330,28.300,15.346
2017-08-03,18.600,0.213,8.330,34.100,15.293
2017-08-04,18.200,0.000,0.000,23.900,15.239
2017-08-05,17.300,0.212,12.500,26.700,15.185
2017-08-06,16.400,0.000,0.000,21.900,15.129
2017-08-07,16.700,0.004,4.170,16.900,15.074
2017-08-08,15.800,0.001,4.170,17.600,15.018
2017-08-09,14.200,29.975,12.500,21.000,14.961
2017-08-10,15.800,5.979,4.170,18.600,14.904
2017-08-11,16.000,0.000,0.000,22.800,14.846
2017-08-12,19.000,0.001,4.170,21.900,14.788
2017-08-13,17.800,0.000,0.000,11.000,14.729
2017-08-14,18.100,0.000,0.000,17.300,14.670
2017-08-15,18.500,0.001,4.170,18.300,14.611
2017-08-16,17.100,0.000,0.000,22.000,14.551
2017-08-17,19.400,2.995,12.500,28.300,14.491
2017-08-18,16.200,2.993,8.330,25.100,14.431
2017-08-19,16.300,0.000,0.000,28.100,14.370
2017-08-20,15.400,0.002,4.170,18.200,14.309
2017-08-21,16.600,4.616,8.330,13.800,14.248
2017-08-22,19.400,0.000,0.000,15.300,14.186
2017-08-23,18.900,0.201,4.170,22.600,14.124
2017-08-24,17.400,0.000,0.000,16.200,14.062
2017-08-25,18.100,0.000,0.000,8.400,14.000
2017-08-26,19.700,0.000,0.000,9.800,13.938
2017-08-27,20.700,0.000,0.000,9.500,13.875
2017-08-28,21.600,0.000,0.000,12.400,13.812
2017-08-29,20.600,0.000,0.000,15.000,13.749
2017-08-30,13.600,6.574,12.500,17.000,13.686
2017-08-31,14.800,0.214,12.500,11.800,13.622
2017-09-01,15.800,0.001,4.170,14.400,13.559
2017-09-02,16.200,0.000,0.000,12.600,13.495
2017-09-03,14.800,0.003,4.170,24.500,13.431
2017-09-04,17.600,2.416,12.500,19.600,13.367
2017-09-05,18.000,0.400,8.330,24.800,13.303
2017-09-06,15.400,0.599,4.170,20.700,13.239
2017-09-07,15.800,0.000,0.000,22.300,13.174
2017-09-08,15.700,5.795,16.670,21.800,13.110
2017-09-09,13.700,0.020,8.330,21.200,13.046
2017-09-10,13.200,0.603,16.670,32.000,12.981
2017-09-11,14.300,0.419,12.500,32.800,12.916
2017-09-12,14.000,0.201,4.170,33.100,12.851
2017-09-13,14.700,5.000,8.330,44.300,12.787
2017-09-14,12.100,0.004,8.330,26.700,12.722
2017-09-15,11.400,0.204,8.330,15.400,12.656
2017-09-16,11.800,0.611,8.330,11.200,12.592
2017-09-17,12.600,0.002,4.170,12.100,12.527
2017-09-18,13.500,0.206,12.500,15.700,12.461
2017-09-19,11.400,3.007,8.330,10.200,12.396
2017-09-20,13.600,0.000,0.000,19.900,12.331
2017-09-21,15.500,0.814,4.170,23.700,12.266
2017-09-22,13.100,0.200,8.330,17.900,12.201
2017-09-23,15.800,0.000,0.000,16.900,12.135
2017-09-24,16.800,0.000,0.000,19.500,12.070
2017-09-25,16.600,1.223,12.500,12.900,12.005
2017-09-26,16.800,0.001,4.170,12.100,11.940
2017-09-27,16.600,0.000,0.000,16.900,11.874
2017-09-28,16.800,14.982,8.330,15.600,11.809
2017-09-29,16.400,3.194,8.330,19.600,11.744
2017-09-30,13.900,0.001,4.170,20.500,11.679
2017-10-01,16.300,2.201,8.330,25.000,11.613
2017-10-02,15.400,0.000,0.000,31.500,11.548
2017-10-03,11.900,0.000,0.000,19.600,11.483
2017-10-04,12.400,0.000,0.000,26.000,11.418
2017-10-05,14.500,0.996,4.170,33.300,11.353
2017-10-06,11.000,0.000,0.000,16.200,11.288
2017-10-07,14.000,0.200,8.330,23.700,11.223
2017-10-08,13.100,0.598,4.170,13.300,11.158
2017-10-09,13.500,0.000,0.000,16.800,11.093
2017-10-10,14.100,0.199,4.170,21.000,11.029
2017-10-11,15.300,0.202,16.670,27.700,10.964
2017-10-12,13.400,0.805,8.330,20.400,10.900
2017-10-13,16.100,0.000,0.000,25.100,10.835
2017-10-14,17.200,0.000,0.000,17.900,10.771
2017-10-15,15.400,0.001,4.170,21.700,10.707
2017-10-16,16.900,0.000,0.000,31.400,10.643
2017-10-17,13.100,0.000,0.000,23.800,10.579
2017-10-18,13.700,2.988,8.330,11.100,10.516
2017-10-19,15.600,3.184,8.330,25.600,10.452
2017-10-20,13.400,1.013,12.500,30.600,10.389
2017-10-21,13.900,0.804,8.330,39.000,10.326
2017-10-22,11.600,0.000,0.000,31.400,10.263
2017-10-23,13.600,0.002,4.170,15.700,10.201
2017-10-24,16.500,0.002,8.330,28.200,10.138
2017-10-25,15.300,0.004,8.330,22.500,10.076
2017-10-26,13.100,0.995,8.330,10.000,10.014
2017-10-27,11.900,0.000,0.000,12.300,9.953
2017-10-28,9.700,0.000,0.000,25.700,9.891
2017-10-29,12.200,0.199,4.170,23.900,9.831
2017-10-30,7.500,0.000,0.000,7.100,9.770
2017-10-31,9.600,0.000,0.000,17.200,9.710
2017-11-01,10.700,0.000,0.000,12.400,9.650
2017-11-02,9.100,0.001,4.170,5.700,9.591
2017-11-03,11.200,0.000,0.000,9.700,9.532
2017-11-04,11.100,3.002,12.500,19.900,9.474
2017-11-05,5.100,0.199,4.170,20.200,9.416
2017-11-06,5.400,0.200,4.170,12.500,9.358
2017-11-07,9.300,0.202,4.170,20.400,9.302
2017-11-08,5.600,4.010,8.330,15.400,9.245
2017-11-09,7.800,0.000,0.000,13.300,9.189
2017-11-10,9.100,0.596,4.170,27.200,9.134
2017-11-11,7.500,14.144,12.500,14.900,9.080
2017-11-12,4.600,2.005,8.330,26.000,9.026
2017-11-13,3.100,0.000,0.000,16.800,8.973
2017-11-14,8.100,0.200,8.330,16.400,8.921
2017-11-15,10.500,0.201,8.330,10.500,8.869
2017-11-16,10.900,0.000,0.000,18.500,8.819
2017-11-17,5.500,0.200,4.170,9.700,8.769
2017-11-18,4.800,2.007,8.330,18.000,8.720
2017-11-19,3.600,0.003,8.330,11.900,8.672
2017-11-20,9.800,1.198,8.330,26.400,8.625
2017-11-21,13.000,0.199,4.170,27.200,8.579
2017-11-22,14.400,0.000,0.000,37.800,8.534
2017-11-23,10.600,2.603,12.500,41.600,8.489
2017-11-24,6.000,0.000,0.000,7.800,8.447
2017-11-25,1.000,0.001,4.170,21.800,8.405
2017-11-26,1.300,0.000,0.000,21.800,8.364
2017-11-27,6.200,1.013,12.500,29.800,8.325
2017-11-28,2.200,0.199,4.170,17.800,8.286
2017-11-29,1.100,0.000,0.000,18.900,8.249
2017-11-30,-1.600,0.000,0.000,24.200,8.214
2017-12-01,0.800,0.001,4.170,22.700,8.180
2017-12-02,3.300,0.000,0.000,10.600,8.147
2017-12-03,7.000,0.601,12.500,12.300,8.116
2017-12-04,6.100,0.000,0.000,12.000,8.085
2017-12-05,6.400,0.002,4.170,16.900,8.057
2017-12-06,8.300,0.000,0.000,27.400,8.030
2017-12-07,7.200,1.023,12.500,30.600,8.004
2017-12-08,-1.300,0.000,0.000,28.400,7.981
2017-12-09,-2.000,0.000,0.000,17.800,7.958
2017-12-10,-1.100,16.980,12.500,19.700,7.938
2017-12-11,-2.000,10.591,16.670,24.900,7.919
2017-12-12,-1.500,0.000,0.000,14.200,7.902
2017-12-13,3.100,5.006,16.670,37.200,7.886
2017-12-14,0.100,2.005,8.330,32.400,7.873
2017-12-15,0.700,1.002,4.170,24.100,7.861
2017-12-16,0.200,0.997,8.330,14.700,7.851
2017-12-17,2.400,3.202,8.330,19.500,7.842
2017-12-18,4.600,0.200,8.330,16.600,7.835
2017-12-19,2.900,0.199,4.170,12.700,7.830
2017-12-20,7.900,0.398,4.170,14.000,7.827
2017-12-21,10.900,0.199,8.330,19.000,7.826
2017-12-22,10.100,0.797,4.170,13.800,7.826
2017-12-23,7.700,0.000,0.000,19.900,7.829
2017-12-24,8.100,0.000,0.000,25.800,7.833
2017-12-25,9.200,0.401,8.330,39.700,7.839
2017-12-26,2.700,5.190,8.330,24.800,7.847
2017-12-27,0.000,11.041,12.500,30.500,7.856
2017-12-28,-1.400,0.000,0.000,15.900,7.868
2017-12-29,1.900,8.178,8.330,32.400,7.881
2017-12-30,10.500,3.608,8.330,41.000,7.896
2017-12-31,9.800,3.028,16.670,42.300,7.912
2018-01-01,3.900,4.409,16.670,31.400,7.931
2018-01-02,6.200,3.996,4.170,33.100,7.951
2018-01-03,6.500,5.015,8.330,44.500,7.973
2018-01-04,6.400,8.180,12.500,54.300,7.996
2018-01-05,4.100,2.003,8.330,29.100,8.021
2018-01-06,1.900,0.006,8.330,21.100,8.048
2018-01-07,-0.600,0.000,0.000,29.400,8.076
2018-01-08,1.100,0.000,0.000,21.800,8.105
2018-01-09,3.900,0.000,0.000,13.000,8.136
2018-01-10,6.100,0.202,8.330,20.200,8.169
2018-01-11,5.800,0.201,4.170,12.500,8.203
2018-01-12,5.800,2.185,8.330,14.600,8.238
2018-01-13,3.400,0.000,0.000,18.300,8.275
2018-01-14,3.900,0.000,0.000,15.100,8.313
2018-01-15,5.500,5.412,12.500,34.500,8.352
2018-01-16,1.500,0.004,8.330,33.800,8.393
2018-01-17,0.500,0.001,4.170,37.200,8.435
2018-01-18,4.900,0.403,8.330,59.000,8.477
2018-01-19,0.500,0.000,0.000,26.000,8.522
2018-01-20,1.500,5.982,8.330,13.200,8.567
2018-01-21,1.600,10.006,8.330,18.600,8.613
2018-01-22,8.200,1.995,4.170,19.900,8.660
2018-01-23,10.100,0.202,4.170,26.600,8.709
2018-01-24,8.800,11.978,16.670,41.500,8.758
2018-01-25,5.600,0.200,8.330,24.000,8.808
2018-01-26,5.200,0.001,4.170,10.000,8.859
2018-01-27,5.800,0.802,4.170,28.700,8.911
2018-01-28,10.900,0.001,4.170,31.400,8.963
2018-01-29,10.200,0.201,4.170,30.600,9.017
2018-01-30,4.200,0.005,4.170,16.900,9.071
2018-01-31,3.400,2.401,8.330,31.000,9.126
2018-02-01,1.700,0.000,0.000,29.800,9.181
2018-02-02,2.900,0.795,4.170,19.800,9.237
2018-02-03,3.000,1.028,8.330,11.600,9.294
2018-02-04,0.200,0.400,4.170,21.400,9.351
2018-02-05,-0.300,0.000,0.000,18.500,9.409
2018-02-06,-0.500,0.000,0.000,17.800,9.468
2018-02-07,0.200,0.000,0.000,17.300,9.527
2018-02-08,0.900,0.000,0.000,23.800,9.586
2018-02-09,1.500,5.984,8.330,25.900,9.646
2018-02-10,1.200,2.005,4.170,26.300,9.707
2018-02-11,1.700,0.605,8.330,35.700,9.768
2018-02-12,-0.300,0.000,0.000,21.500,9.829
2018-02-13,0.800,1.006,8.330,32.300,9.891
2018-02-14,0.900,1.796,8.330,35.400,9.952
2018-02-15,5.300,5.203,8.330,26.700,10.015
2018-02-16,3.100,0.000,0.000,15.900,10.077
2018-02-17,5.500,0.000,0.000,11.800,10.140
2018-02-18,5.800,0.000,0.000,13.800,10.204
2018-02-19,8.300,1.203,8.330,15.700,10.267
2018-02-20,6.000,0.212,8.330,26.100,10.331
2018-02-21,2.800,0.000,0.000,16.100,10.394
2018-02-22,0.800,0.002,4.170,20.600,10.459
2018-02-23,-1.100,0.000,0.000,25.200,10.523
2018-02-24,-1.000,0.000,0.000,25.800,10.588
2018-02-25,-2.400,0.000,0.000,24.400,10.652
2018-02-26,-4.600,0.000,0.000,26.200,10.717
2018-02-27,-5.000,0.795,4.170,16.900,10.782
2018-02-28,-8.100,0.000,0.000,29.000,10.847
2018-03-01,-8.500,0.000,0.000,31.600,10.913
2018-03-02,-6.500,0.000,0.000,32.100,10.978
2018-03-03,-1.800,4.981,8.330,21.400,11.044
2018-03-04,3.800,1.001,12.500,16.500,11.109
2018-03-05,5.200,0.003,8.330,20.000,11.175
2018-03-06,5.800,0.403,8.330,15.700,11.241
2018-03-07,5.300,3.207,8.330,24.600,11.307
2018-03-08,3.900,2.004,8.330,38.800,11.373
2018-03-09,5.700,2.992,4.170,15.900,11.439
2018-03-10,11.200,4.013,12.500,20.600,11.505
2018-03-11,8.900,3.974,12.500,17.400,11.571
2018-03-12,8.000,2.236,8.330,19.600,11.637
2018-03-13,6.700,0.204,8.330,14.600,11.704
2018-03-14,8.100,0.000,0.000,28.300,11.770
2018-03-15,8.900,5.232,8.330,24.100,11.836
2018-03-16,9.300,0.005,8.330,20.700,11.902
2018-03-17,-3.500,0.599,8.330,30.400,11.969
2018-03-18,-4.800,0.794,4.170,28.600,12.035
2018-03-19,-3.200,0.605,8.330,30.800,12.101
2018-03-20,2.000,0.001,4.170,26.500,12.167
2018-03-21,4.200,0.000,0.000,21.800,12.233
2018-03-22,5.500,0.000,0.000,21.600,12.300
2018-03-23,7.500,0.001,4.170,28.000,12.366
2018-03-24,7.200,1.600,8.330,11.000,12.432
2018-03-25,8.800,0.000,0.000,11.900,12.498
2018-03-26,8.500,0.000,0.000,15.200,12.564
2018-03-27,7.700,4.191,8.330,30.000,12.630
2018-03-28,4.100,11.387,8.330,19.700,12.696
2018-03-29,3.600,3.024,12.500,25.100,12.762
2018-03-30,3.800,11.014,12.500,18.300,12.828
2018-03-31,3.500,0.406,12.500,18.400,12.894
2018-04-01,4.100,0.000,0.000,18.400,12.960
2018-04-02,6.800,11.985,12.500,20.800,13.025
2018-04-03,11.300,2.803,12.500,25.900,13.091
2018-04-04,9.400,0.804,12.500,33.900,13.156
2018-04-05,6.400,0.002,4.170,29.100,13.222
2018-04-06,9.700,0.000,0.000,26.800,13.287
2018-04-07,12.900,0.000,0.000,24.800,13.352
2018-04-08,10.600,2.617,12.500,9.800,13.417
2018-04-09,7.500,7.713,12.500,13.900,13.482
2018-04-10,10.000,8.384,8.330,18.100,13.546
2018-04-11,9.100,4.409,12.500,15.600,13.611
2018-04-12,7.200,0.002,8.330,16.200,13.676
2018-04-13,8.500,0.000,0.000,14.000,13.739
2018-04-14,12.800,0.000,0.000,15.700,13.803
2018-04-15,12.100,0.202,4.170,21.300,13.867
2018-04-16,11.300,0.000,0.000,24.900,13.931
2018-04-17,14.700,0.000,0.000,31.900,13.994
2018-04-18,17.900,0.000,0.000,20.400,14.058
2018-04-19,20.000,0.000,0.000,15.300,14.121
2018-04-20,19.800,0.000,0.000,10.800,14.183
2018-04-21,17.100,0.001,4.170,14.700,14.246
2018-04-22,17.800,3.031,8.330,24.200,14.308
2018-04-23,12.200,0.000,0.000,25.900,14.369
2018-04-24,13.400,0.000,0.000,28.000,14.431
2018-04-25,11.300,0.799,12.500,30.600,14.492
2018-04-26,9.500,0.005,12.500,26.600,14.553
2018-04-27,9.100,6.922,12.500,19.000,14.613
2018-04-28,7.800,4.808,12.500,13.900,14.673
2018-04-29,4.900,0.000,0.000,25.500,14.733
2018-04-30,3.600,8.392,12.500,29.700,14.792
2018-05-01,7.700,0.001,4.170,26.900,14.851
2018-05-02,9.100,3.017,8.330,31.200,14.909
2018-05-03,10.800,0.000,0.000,15.800,14.967
2018-05-04,15.000,0.000,0.000,12.100,15.024
2018-05-05,15.600,0.000,0.000,13.400,15.081
2018-05-06,17.500,0.000,0.000,15.400,15.137
2018-05-07,19.300,0.000,0.000,13.900,15.193
2018-05-08,18.700,0.000,0.000,23.900,15.248
2018-05-09,15.400,0.000,0.000,22.100,15.303
2018-05-10,13.700,1.990,4.170,20.700,15.356
2018-05-11,13.300,0.000,0.000,23.900,15.409
2018-05-12,12.700,4.021,4.170,9.900,15.462
2018-05-13,12.900,1.997,4.170,11.800,15.513
2018-05-14,15.200,0.000,0.000,23.600,15.564
2018-05-15,16.800,0.000,0.000,19.200,15.615
2018-05-16,13.000,0.000,0.000,26.600,15.664
2018-05-17,11.100,0.000,0.000,18.500,15.713
2018-05-18,12.100,0.000,0.000,10.400,15.760
2018-05-19,14.400,0.000,0.000,13.900,15.806
2018-05-20,14.500,0.000,0.000,14.000,15.852
2018-05-21,16.300,0.000,0.000,13.100,15.897
2018-05-22,17.000,0.000,0.000,22.900,15.941
2018-05-23,14.100,0.000,0.000,21.800,15.984
2018-05-24,15.200,2.453,12.500,15.900,16.025
2018-05-25,16.300,0.009,8.330,11.100,16.066
2018-05-26,20.300,0.000,0.000,27.400,16.105
2018-05-27,20.900,13.969,8.330,15.900,16.143
2018-05-28,19.800,0.000,0.000,14.100,16.180
2018-05-29,15.600,23.948,12.500,18.800,16.216
2018-05-30,16.200,0.426,12.500,12.200,16.251
2018-05-31,18.600,0.004,4.170,15.400,16.284
2018-06-01,18.800,0.000,0.000,17.200,16.316
2018-06-02,18.800,0.000,0.000,15.100,16.346
2018-06-03,20.200,0.000,0.000,13.500,16.376
2018-06-04,16.500,0.000,0.000,16.000,16.403
2018-06-05,14.700,0.000,0.000,17.200,16.430
2018-06-06,15.600,0.000,0.000,15.200,16.454
2018-06-07,17.100,0.001,4.170,14.300,16.478
2018-06-08,18.000,0.000,0.000,13.000,16.500
2018-06-09,17.100,0.000,0.000,13.600,16.520
2018-06-10,17.700,0.000,0.000,15.400,16.539
2018-06-11,18.000,0.000,0.000,16.300,16.556
2018-06-12,15.100,0.000,0.000,15.000,16.572
2018-06-13,16.100,0.000,0.000,25.100,16.586
2018-06-14,17.700,0.200,8.330,25.800,16.598
2018-06-15,18.000,0.000,0.000,19.000,16.609
2018-06-16,16.800,0.000,0.000,26.400,16.618
2018-06-17,15.700,0.201,4.170,23.100,16.625
2018-06-18,19.200,0.201,4.170,26.400,16.631
2018-06-19,20.600,0.000,0.000,20.800,16.635
2018-06-20,19.400,0.000,0.000,21.500,16.637
2018-06-21,16.500,0.000,0.000,21.800,16.638
2018-06-22,16.800,0.000,0.000,12.300,16.637
2018-06-23,18.100,0.000,0.000,17.800,16.635
2018-06-24,20.000,0.000,0.000,12.300,16.630
2018-06-25,21.500,0.000,0.000,13.100,16.624
2018-06-26,21.100,0.000,0.000,17.600,16.617
2018-06-27,18.900,0.000,0.000,17.600,16.607
2018-06-28,19.400,0.000,0.000,19.700,16.596
2018-06-29,20.200,0.000,0.000,21.800,16.584
2018-06-30,20.300,0.000,0.000,23.600,16.570
2018-07-01,23.000,0.000,0.000,19.000,16.554
2018-07-02,22.900,0.000,0.000,24.700,16.536
2018-07-03,20.500,4.962,4.170,24.800,16.517
2018-07-04,19.900,0.000,0.000,11.800,16.497
2018-07-05,22.500,0.011,4.170,15.900,16.475
2018-07-06,23.400,0.000,0.000,11.000,16.451
2018-07-07,24.400,0.000,0.000,17.300,16.426
2018-07-08,23.900,0.000,0.000,17.900,16.400
2018-07-09,23.000,0.000,0.000,20.400,16.372
2018-07-10,18.300,0.000,0.000,17.600,16.343
2018-07-11,18.300,0.000,0.000,14.500,16.313
2018-07-12,19.300,0.000,0.000,12.100,16.280
2018-07-13,20.300,0.018,4.170,13.700,16.247
2018-07-14,21.500,1.985,4.170,15.700,16.213
2018-07-15,23.000,0.000,0.000,13.600,16.177
2018-07-16,23.300,0.992,4.170,19.800,16.140
2018-07-17,19.800,0.000,0.000,20.600,16.102
2018-07-18,20.600,1.985,4.170,10.700,16.063
2018-07-19,21.400,0.000,0.000,14.300,16.023
2018-07-20,21.000,0.000,0.000,15.500,15.981
2018-07-21,22.400,0.000,0.000,15.100,15.939
2018-07-22,23.000,0.000,0.000,16.400,15.895
2018-07-23,25.100,0.000,0.000,21.800,15.851
2018-07-24,24.000,0.000,0.000,21.900,15.806
2018-07-25,24.700,0.000,0.000,12.400,15.759
2018-07-26,26.600,0.000,0.000,21.300,15.712
2018-07-27,24.500,5.986,4.170,19.400,15.664
2018-07-28,19.700,0.202,8.330,35.300,15.615
2018-07-29,18.200,5.016,12.500,31.100,15.565
2018-07-30,20.300,0.203,12.500,26.200,15.515
2018-07-31,19.900,4.262,8.330,21.500,15.464
2018-08-01,19.900,0.000,0.000,17.400,15.412
2018-08-02,22.300,0.000,0.000,11.500,15.359
2018-08-03,25.700,0.000,0.000,16.800,15.306
2018-08-04,24.000,0.000,0.000,14.900,15.252
2018-08-05,22.500,0.000,0.000,15.200,15.198
2018-08-06,23.900,0.000,0.000,13.700,15.143
2018-08-07,23.800,0.000,0.000,20.700,15.087
2018-08-08,19.800,0.798,4.170,25.800,15.031
2018-08-09,15.700,11.970,12.500,12.800,14.975
2018-08-10,15.000,13.004,12.500,24.400,14.917
2018-08-11,15.900,0.000,0.000,19.400,14.860
2018-08-12,18.800,0.404,4.170,24.900,14.802
2018-08-13,19.400,1.007,8.330,18.400,14.743
2018-08-14,19.600,0.000,0.000,20.700,14.684
2018-08-15,19.700,0.000,0.000,24.300,14.625
2018-08-16,17.400,14.983,8.330,22.900,14.566
2018-08-17,17.000,0.000,0.000,21.100,14.506
2018-08-18,18.700,0.000,0.000,19.800,14.446
2018-08-19,20.900,0.000,0.000,24.700,14.385
2018-08-20,21.600,0.000,0.000,17.200,14.324
2018-08-21,21.800,0.000,0.000,16.100,14.263
2018-08-22,18.900,0.000,0.000,16.400,14.201
2018-08-23,19.300,0.998,4.170,24.900,14.139
2018-08-24,14.700,4.965,4.170,27.100,14.077
2018-08-25,12.500,5.776,8.330,16.400,14.016
2018-08-26,14.100,11.970,8.330,26.600,13.953
2018-08-27,16.800,0.598,4.170,23.400,13.890
2018-08-28,17.400,0.000,0.000,12.500,13.827
2018-08-29,16.300,4.999,8.330,14.200,13.764
2018-08-30,16.100,0.000,0.000,10.800,13.701
2018-08-31,16.800,0.000,0.000,12.700,13.638
2018-09-01,18.000,0.000,0.000,15.400,13.574
2018-09-02,17.700,0.000,0.000,12.100,13.511
2018-09-03,17.900,0.000,0.000,10.000,13.447
2018-09-04,16.800,0.000,0.000,15.800,13.383
2018-09-05,17.300,0.003,8.330,15.500,13.319
2018-09-06,16.500,0.003,4.170,19.100,13.254
2018-09-07,13.900,0.003,4.170,25.100,13.190
2018-09-08,14.800,0.000,0.000,21.600,13.126
2018-09-09,18.300,0.000,0.000,24.900,13.061
2018-09-10,17.300,0.000,0.000,25.000,12.996
2018-09-11,19.000,0.000,0.000,26.100,12.932
2018-09-12,14.200,2.004,12.500,14.200,12.867
2018-09-13,13.800,0.199,4.170,16.700,12.802
2018-09-14,14.200,0.000,0.000,23.700,12.738
2018-09-15,15.700,0.001,4.170,15.700,12.673
2018-09-16,17.800,0.000,0.000,27.100,12.607
2018-09-17,18.500,0.000,0.000,23.800,12.542
2018-09-18,18.700,0.100,4.170,43.200,12.477
2018-09-19,19.400,0.003,8.330,36.700,12.412
2018-09-20,19.100,0.207,12.500,35.900,12.347
2018-09-21,14.500,4.804,12.500,41.000,12.282
2018-09-22,11.600,6.002,8.330,15.700,12.216
2018-09-23,10.500,15.580,8.330,21.900,12.151
2018-09-24,9.800,0.000,0.000,14.100,12.086
2018-09-25,10.800,0.000,0.000,15.400,12.021
2018-09-26,13.600,0.000,0.000,14.800,11.956
2018-09-27,15.300,0.000,0.000,16.300,11.890
2018-09-28,14.200,0.000,0.000,19.300,11.825
2018-09-29,11.800,0.000,0.000,10.500,11.760
2018-09-30,10.900,0.000,0.000,14.400,11.694
2018-10-01,10.700,0.000,0.000,18.300,11.629
2018-10-02,15.600,0.000,0.000,23.800,11.564
2018-10-03,15.200,0.000,0.000,16.800,11.499
2018-10-04,13.300,0.001,4.170,16.500,11.434
2018-10-05,15.300,0.000,0.000,12.600,11.369
2018-10-06,10.000,10.013,8.330,23.000,11.304
2018-10-07,8.700,0.200,4.170,21.400,11.239
2018-10-08,11.400,0.000,0.000,20.300,11.174
2018-10-09,14.400,0.000,0.000,19.100,11.109
2018-10-10,16.000,0.000,0.000,18.800,11.044
2018-10-11,17.500,0.008,4.170,25.200,10.980
2018-10-12,18.300,0.408,4.170,37.800,10.915
2018-10-13,21.400,0.005,4.170,28.400,10.851
2018-10-14,14.100,7.026,12.500,20.400,10.787
2018-10-15,13.000,19.238,12.500,16.400,10.723
2018-10-16,16.400,0.000,0.000,21.600,10.658
2018-10-17,13.600,1.003,4.170,11.500,10.595
2018-10-18,12.900,0.000,0.000,15.600,10.531
2018-10-19,10.700,0.000,0.000,8.600,10.467
2018-10-20,11.600,0.000,0.000,11.500,10.404
2018-10-21,13.600,0.000,0.000,18.600,10.341
2018-10-22,10.200,0.002,4.170,18.500,10.278
2018-10-23,9.800,0.000,0.000,19.900,10.216
2018-10-24,13.100,0.000,0.000,17.100,10.153
2018-10-25,9.600,0.000,0.000,13.800,10.091
2018-10-26,8.500,0.803,4.170,23.900,10.029
2018-10-27,2.400,0.001,4.170,20.500,9.967
2018-10-28,4.100,3.978,8.330,23.600,9.906
2018-10-29,3.300,0.001,4.170,18.500,9.845
2018-10-30,4.500,0.001,4.170,21.800,9.785
2018-10-31,7.300,0.000,0.000,23.100,9.724
2018-11-01,9.200,6.808,16.670,16.500,9.665
2018-11-02,4.400,0.001,4.170,13.300,9.605
2018-11-03,8.400,0.000,0.000,28.200,9.546
2018-11-04,9.800,0.000,0.000,17.200,9.488
2018-11-05,11.000,0.000,0.000,12.200,9.430
2018-11-06,12.800,0.198,4.170,24.800,9.372
2018-11-07,12.300,3.055,12.500,31.700,9.315
2018-11-08,8.900,0.597,4.170,27.200,9.259
2018-11-09,9.800,0.399,4.170,31.100,9.203
2018-11-10,10.500,24.959,12.500,24.000,9.148
2018-11-11,10.100,16.963,12.500,24.300,9.093
2018-11-12,10.900,8.964,16.670,24.800,9.039
2018-11-13,10.000,0.011,4.170,23.200,8.986
2018-11-14,11.500,0.198,4.170,19.700,8.934
2018-11-15,12.700,0.000,0.000,14.600,8.882
2018-11-16,9.800,0.002,8.330,13.600,8.831
2018-11-17,7.200,0.001,4.170,20.200,8.781
2018-11-18,6.700,0.000,0.000,23.800,8.732
2018-11-19,4.200,0.202,4.170,23.000,8.683
2018-11-20,1.300,10.951,16.670,21.500,8.636
2018-11-21,1.900,4.990,12.500,18.800,8.590
2018-11-22,3.100,0.000,0.000,9.900,8.544
2018-11-23,5.500,0.000,0.000,13.600,8.500
2018-11-24,6.500,0.598,4.170,17.700,8.457
2018-11-25,5.100,0.005,8.330,19.500,8.415
2018-11-26,5.100,0.000,0.000,14.400,8.374
2018-11-27,4.700,3.016,4.170,23.800,8.334
2018-11-28,12.000,3.800,12.500,33.100,8.296
2018-11-29,12.200,1.220,16.670,40.700,8.258
2018-11-30,7.900,0.406,12.500,23.400,8.223
2018-12-01,9.800,5.007,4.170,23.700,8.188
2018-12-02,13.700,0.815,12.500,25.600,8.155
2018-12-03,10.800,3.983,12.500,27.200,8.123
2018-12-04,5.300,0.000,0.000,10.000,8.092
2018-12-05,9.200,1.627,16.670,20.800,8.064
2018-12-06,12.200,0.203,8.330,24.900,8.036
2018-12-07,9.300,8.003,12.500,33.900,8.011
2018-12-08,7.600,0.798,4.170,39.400,7.986
2018-12-09,7.700,1.205,8.330,38.000,7.964
2018-12-10,5.600,0.000,0.000,17.500,7.943
2018-12-11,5.100,0.000,0.000,10.600,7.923
2018-12-12,3.800,0.001,4.170,20.300,7.906
2018-12-13,0.000,0.000,0.000,22.700,7.890
2018-12-14,1.800,0.000,0.000,13.800,7.876
2018-12-15,-1.100,10.981,4.170,27.200,7.863
2018-12-16,4.800,1.009,8.330,19.400,7.853
2018-12-17,5.200,5.004,4.170,18.200,7.844
2018-12-18,9.000,2.009,4.170,30.200,7.836
2018-12-19,5.700,5.202,16.670,16.900,7.831
2018-12-20,6.500,0.208,12.500,21.200,7.828
2018-12-21,11.400,6.206,8.330,40.600,7.826
2018-12-22,8.800,0.797,4.170,33.000,7.826
2018-12-23,8.200,3.600,8.330,23.200,7.828
2018-12-24,5.600,1.999,4.170,9.700,7.832
2018-12-25,5.100,0.199,4.170,7.300,7.838
2018-12-26,7.300,0.001,4.170,11.500,7.845
2018-12-27,5.300,0.000,0.000,5.000,7.854
2018-12-28,7.400,0.000,0.000,13.200,7.865
2018-12-29,9.100,0.000,0.000,28.300,7.878
2018-12-30,8.500,0.199,4.170,15.400,7.892
2018-12-31,7.100,0.000,0.000,14.700,7.908
2019-01-01,7.300,0.000,0.000,17.700,7.926
2019-01-02,4.000,0.000,0.000,12.500,7.946
2019-01-03,4.400,0.000,0.000,8.100,7.967
2019-01-04,2.300,0.000,0.000,12.100,7.990
2019-01-05,3.100,0.000,0.000,14.300,8.014
2019-01-06,6.500,0.000,0.000,13.100,8.041
2019-01-07,8.800,0.000,0.000,26.200,8.069
2019-01-08,5.400,0.000,0.000,22.000,8.098
2019-01-09,1.700,0.000,0.000,19.900,8.129
2019-01-10,2.200,0.000,0.000,10.800,8.161
2019-01-11,6.500,0.002,4.170,11.600,8.194
2019-01-12,6.900,0.000,0.000,24.900,8.229
2019-01-13,10.500,0.002,4.170,32.800,8.266
2019-01-14,5.900,0.000,0.000,25.100,8.303
2019-01-15,4.400,0.000,0.000,22.100,8.342
2019-01-16,4.900,3.004,12.500,24.600,8.383
2019-01-17,1.000,0.601,8.330,21.400,8.424
2019-01-18,0.800,0.000,0.000,21.200,8.467
2019-01-19,1.000,0.001,4.170,18.500,8.511
2019-01-20,1.600,0.000,0.000,10.700,8.556
2019-01-21,1.100,0.001,4.170,19.200,8.601
2019-01-22,1.300,1.026,8.330,22.200,8.649
2019-01-23,-0.200,1.995,12.500,14.900,8.697
2019-01-24,1.000,0.796,8.330,7.900,8.746
2019-01-25,5.300,1.199,8.330,19.900,8.796
2019-01-26,5.800,0.402,4.170,28.600,8.846
2019-01-27,1.900,5.782,12.500,36.900,8.898
2019-01-28,-0.300,0.000,0.000,25.000,8.950
2019-01-29,0.500,0.000,0.000,14.000,9.004
2019-01-30,0.000,4.997,8.330,13.100,9.057
2019-01-31,-1.900,0.199,4.170,25.500,9.112
2019-02-01,-2.600,6.380,16.670,22.600,9.167
2019-02-02,-0.600,6.964,12.500,20.500,9.223
2019-02-03,-0.100,0.000,0.000,19.300,9.280
2019-02-04,4.400,5.596,8.330,29.900,9.338
2019-02-05,4.900,0.199,4.170,21.200,9.395
2019-02-06,7.900,4.199,12.500,18.900,9.454
2019-02-07,4.600,3.206,8.330,40.600,9.512
2019-02-08,7.700,4.031,12.500,39.500,9.572
2019-02-09,5.300,1.000,8.330,42.300,9.632
2019-02-10,3.100,0.609,12.500,27.300,9.692
2019-02-11,4.400,0.000,0.000,16.600,9.753
2019-02-12,5.800,0.000,0.000,19.100,9.814
2019-02-13,6.600,0.000,0.000,20.600,9.876
2019-02-14,6.600,0.000,0.000,12.500,9.937
2019-02-15,7.200,0.199,4.170,13.900,10.000
2019-02-16,8.400,0.000,0.000,15.500,10.062
2019-02-17,8.800,0.000,0.000,23.200,10.125
2019-02-18,6.800,1.998,12.500,16.100,10.188
2019-02-19,5.600,0.002,8.330,20.900,10.251
2019-02-20,7.500,0.000,0.000,24.200,10.315
2019-02-21,9.600,0.000,0.000,17.600,10.379
2019-02-22,9.000,0.001,4.170,11.000,10.443
2019-02-23,9.700,0.000,0.000,13.200,10.507
2019-02-24,9.200,0.000,0.000,9.600,10.572
2019-02-25,10.100,0.000,0.000,11.400,10.636
2019-02-26,10.700,0.000,0.000,11.500,10.701
2019-02-27,10.500,0.000,0.000,11.800,10.766
2019-02-28,9.200,0.403,8.330,26.300,10.832
2019-03-01,8.700,1.990,4.170,14.200,10.897
2019-03-02,10.300,0.004,8.330,32.700,10.962
2019-03-03,10.900,3.006,16.670,39.600,11.028
2019-03-04,4.000,6.807,12.500,34.400,11.093
2019-03-05,6.200,0.001,4.170,24.800,11.159
2019-03-06,10.300,0.647,16.670,30.100,11.225
2019-03-07,5.500,0.204,8.330,49.600,11.291
2019-03-08,5.300,0.802,8.330,25.800,11.357
2019-03-09,8.300,1.003,4.170,41.200,11.423
2019-03-10,5.100,2.634,12.500,51.600,11.489
2019-03-11,4.200,2.999,4.170,30.900,11.555
2019-03-12,3.300,8.410,12.500,38.600,11.621
2019-03-13,6.100,0.198,4.170,41.000,11.687
2019-03-14,9.100,2.034,12.500,41.600,11.754
2019-03-15,12.200,4.387,12.500,46.500,11.820
2019-03-16,10.300,0.203,8.330,43.900,11.886
2019-03-17,3.500,5.999,8.330,33.000,11.952
2019-03-18,5.500,0.596,4.170,16.900,12.019
2019-03-19,9.000,0.794,8.330,15.400,12.085
2019-03-20,10.900,0.000,0.000,15.400,12.151
2019-03-21,11.400,0.000,0.000,13.900,12.217
2019-03-22,9.500,0.000,0.000,14.800,12.284
2019-03-23,9.700,0.000,0.000,14.400,12.350
2019-03-24,8.900,0.000,0.000,20.300,12.416
2019-03-25,8.200,0.000,0.000,22.900,12.482
2019-03-26,7.700,0.000,0.000,14.700,12.548
2019-03-27,9.900,0.000,0.000,12.400,12.614
2019-03-28,11.200,0.000,0.000,12.300,12.680
2019-03-29,10.700,0.000,0.000,10.800,12.746
2019-03-30,13.100,0.000,0.000,13.200,12.813
2019-03-31,8.500,0.001,4.170,24.500,12.878
2019-04-01,7.500,0.000,0.000,17.600,12.944
2019-04-02,4.700,0.606,4.170,20.100,13.009
2019-04-03,4.600,0.804,8.330,17.100,13.075
2019-04-04,3.400,0.805,4.170,30.700,13.140
2019-04-05,8.500,0.003,4.170,24.400,13.206
2019-04-06,7.200,0.000,0.000,18.400,13.271
2019-04-07,8.100,0.199,4.170,13.600,13.336
2019-04-08,9.700,0.800,8.330,8.600,13.401
2019-04-09,8.200,1.204,8.330,20.700,13.466
2019-04-10,6.700,0.000,0.000,23.600,13.531
2019-04-11,5.300,0.000,0.000,17.200,13.596
2019-04-12,5.200,0.000,0.000,16.500,13.660
2019-04-13,3.700,0.201,8.330,18.200,13.724
2019-04-14,4.100,0.000,0.000,21.500,13.788
2019-04-15,8.100,0.000,0.000,27.300,13.852
2019-04-16,11.500,0.214,4.170,15.900,13.916
2019-04-17,12.700,0.000,0.000,16.500,13.979
2019-04-18,14.000,0.000,0.000,23.400,14.042
2019-04-19,16.200,0.000,0.000,16.800,14.105
2019-04-20,16.900,0.000,0.000,14.000,14.168
2019-04-21,16.100,0.000,0.000,17.900,14.230
2019-04-22,16.400,0.000,0.000,20.600,14.292
2019-04-23,15.800,0.000,0.000,17.300,14.354
2019-04-24,14.000,0.400,4.170,27.700,14.416
2019-04-25,12.500,0.400,8.330,28.100,14.477
2019-04-26,11.300,0.002,4.170,27.600,14.538
2019-04-27,8.500,0.403,8.330,43.500,14.599
2019-04-28,9.600,0.200,8.330,23.400,14.659
2019-04-29,10.500,0.000,0.000,11.300,14.718
2019-04-30,11.800,0.000,0.000,12.300,14.778
2019-05-01,12.300,0.000,0.000,17.200,14.837
2019-05-02,12.700,1.990,4.170,20.000,14.895
2019-05-03,9.800,4.969,8.330,18.200,14.953
2019-05-04,5.600,1.199,8.330,31.100,15.011
2019-05-05,7.300,0.002,4.170,16.500,15.067
2019-05-06,9.100,0.000,0.000,17.600,15.124
2019-05-07,11.300,0.000,0.000,19.000,15.180
2019-05-08,10.700,8.247,12.500,33.600,15.235
2019-05-09,10.800,5.026,12.500,18.100,15.290
2019-05-10,11.200,1.996,4.170,11.800,15.343
2019-05-11,11.600,0.803,8.330,17.000,15.397
2019-05-12,11.400,0.005,8.330,19.600,15.449
2019-05-13,11.700,0.000,0.000,19.800,15.501
2019-05-14,12.700,0.000,0.000,20.500,15.552
2019-05-15,13.300,0.000,0.000,16.800,15.602
2019-05-16,12.700,0.000,0.000,23.100,15.652
2019-05-17,11.900,0.001,4.170,17.400,15.701
2019-05-18,13.400,0.596,4.170,9.300,15.749
2019-05-19,14.100,0.198,4.170,10.000,15.795
2019-05-20,16.000,0.198,4.170,12.500,15.841
2019-05-21,16.200,0.000,0.000,13.300,15.886
2019-05-22,16.300,0.000,0.000,15.600,15.931
2019-05-23,17.300,0.000,0.000,20.500,15.973
2019-05-24,17.000,0.000,0.000,16.300,16.015
2019-05-25,18.400,0.993,4.170,16.600,16.056
2019-05-26,17.700,0.002,4.170,26.000,16.096
2019-05-27,14.500,0.000,0.000,25.200,16.134
2019-05-28,13.300,0.210,12.500,20.000,16.172
2019-05-29,13.100,0.612,4.170,22.300,16.208
2019-05-30,18.700,0.001,4.170,25.300,16.242
2019-05-31,17.300,0.000,0.000,19.400,16.276
2019-06-01,19.500,0.000,0.000,17.000,16.308
2019-06-02,21.200,0.000,0.000,26.700,16.339
2019-06-03,16.000,0.000,0.000,23.500,16.369
2019-06-04,14.500,0.217,8.330,20.000,16.397
2019-06-05,15.300,0.000,0.000,19.600,16.424
2019-06-06,14.500,0.794,4.170,24.100,16.449
2019-06-07,14.600,2.022,8.330,20.800,16.473
2019-06-08,14.900,5.007,16.670,34.500,16.495
2019-06-09,14.600,0.004,8.330,14.600,16.516
2019-06-10,11.900,23.182,12.500,17.400,16.535
2019-06-11,13.800,7.079,12.500,19.600,16.552
2019-06-12,13.000,4.217,12.500,12.000,16.568
2019-06-13,13.100,4.434,8.330,27.400,16.582
2019-06-14,15.200,1.205,12.500,26.400,16.596
2019-06-15,15.100,0.002,4.170,23.900,16.606
2019-06-16,15.500,0.810,8.330,30.100,16.616
2019-06-17,17.000,0.000,0.000,23.500,16.624
2019-06-18,15.900,3.990,8.330,10.300,16.630
2019-06-19,16.600,2.426,8.330,13.100,16.634
2019-06-20,16.200,1.004,8.330,21.600,16.637
2019-06-21,16.100,0.000,0.000,16.000,16.638
2019-06-22,16.900,0.000,0.000,18.700,16.638
2019-06-23,18.700,0.000,0.000,20.500,16.636
2019-06-24,21.300,0.000,0.000,14.100,16.632
2019-06-25,19.900,8.357,8.330,13.500,16.626
2019-06-26,17.500,0.002,4.170,22.400,16.619
2019-06-27,17.500,0.000,0.000,22.600,16.610
2019-06-28,17.700,0.000,0.000,22.400,16.599
2019-06-29,24.000,0.000,0.000,20.000,16.587
2019-06-30,20.400,0.000,0.000,22.900,16.573
2019-07-01,18.100,0.000,0.000,21.800,16.558
2019-07-02,17.400,0.000,0.000,14.700,16.541
2019-07-03,18.000,0.000,0.000,14.500,16.522
2019-07-04,19.800,0.000,0.000,11.600,16.502
2019-07-05,21.800,0.000,0.000,14.800,16.481
2019-07-06,19.900,0.000,0.000,13.400,16.457
2019-07-07,17.200,4.979,12.500,13.400,16.433
2019-07-08,18.000,0.004,4.170,14.600,16.407
2019-07-09,19.000,0.000,0.000,14.900,16.379
2019-07-10,21.000,0.000,0.000,18.500,16.350
2019-07-11,21.100,0.000,0.000,20.100,16.320
2019-07-12,21.100,0.000,0.000,22.100,16.289
2019-07-13,19.300,0.000,0.000,13.900,16.256
2019-07-14,17.600,2.982,8.330,17.800,16.221
2019-07-15,17.000,0.000,0.000,13.800,16.186
2019-07-16,19.800,0.000,0.000,18.300,16.149
2019-07-17,20.300,0.000,0.000,18.300,16.112
2019-07-18,19.200,1.017,8.330,22.800,16.073
2019-07-19,16.900,5.992,4.170,22.300,16.033
2019-07-20,19.700,14.805,12.500,26.600,15.991
2019-07-21,18.700,0.000,0.000,21.000,15.949
2019-07-22,21.400,0.000,0.000,19.200,15.906
2019-07-23,24.700,0.000,0.000,17.200,15.862
2019-07-24,26.100,0.005,4.170,20.500,15.817
2019-07-25,28.900,0.200,4.170,17.600,15.771
2019-07-26,22.400,1.401,8.330,18.400,15.724
2019-07-27,18.200,14.217,12.500,16.600,15.676
2019-07-28,18.800,0.000,0.000,22.300,15.627
2019-07-29,19.900,0.000,0.000,18.800,15.577
2019-07-30,18.500,2.998,8.330,33.300,15.527
2019-07-31,19.100,0.400,8.330,28.500,15.476
2019-08-01,20.100,0.000,0.000,14.300,15.425
2019-08-02,20.400,0.000,0.000,12.900,15.372
2019-08-03,20.200,0.000,0.000,11.300,15.319
2019-08-04,20.700,0.000,0.000,21.200,15.266
2019-08-05,19.800,0.797,4.170,22.400,15.211
2019-08-06,19.200,0.000,0.000,30.300,15.156
2019-08-07,18.600,2.001,8.330,28.800,15.101
2019-08-08,19.400,0.000,0.000,15.400,15.045
2019-08-09,20.900,4.000,16.670,37.100,14.988
2019-08-10,18.900,1.036,16.670,41.300,14.931
2019-08-11,18.400,0.002,4.170,28.800,14.874
2019-08-12,15.300,4.034,12.500,11.400,14.816
2019-08-13,16.400,0.000,0.000,18.700,14.758
2019-08-14,15.700,13.968,8.330,23.800,14.699
2019-08-15,18.600,0.401,4.170,29.500,14.640
2019-08-16,16.200,1.011,4.170,26.400,14.580
2019-08-17,18.700,2.013,4.170,24.500,14.520
2019-08-18,17.100,2.995,8.330,25.900,14.460
2019-08-19,16.500,6.971,12.500,26.700,14.400
2019-08-20,16.000,0.000,0.000,20.300,14.339
2019-08-21,16.800,0.000,0.000,16.900,14.278
2019-08-22,18.300,0.000,0.000,19.400,14.216
2019-08-23,20.300,0.000,0.000,11.400,14.155
2019-08-24,21.600,0.000,0.000,14.900,14.093
2019-08-25,23.700,0.000,0.000,12.100,14.030
2019-08-26,24.100,0.000,0.000,14.600,13.968
2019-08-27,24.400,0.000,0.000,16.400,13.906
2019-08-28,21.000,0.003,8.330,22.500,13.842
2019-08-29,18.300,0.002,4.170,21.300,13.780
2019-08-30,18.600,0.000,0.000,23.400,13.717
2019-08-31,17.300,0.001,4.170,25.400,13.653
2019-09-01,16.000,0.000,0.000,20.100,13.590
2019-09-02,15.600,0.000,0.000,21.900,13.526
2019-09-03,17.800,0.000,0.000,23.300,13.462
2019-09-04,17.300,6.181,8.330,29.600,13.398
2019-09-05,14.900,0.000,0.000,19.100,13.334
2019-09-06,14.100,0.200,4.170,26.300,13.270
2019-09-07,14.700,0.000,0.000,18.900,13.206
2019-09-08,13.100,0.000,0.000,12.100,13.141
2019-09-09,14.000,0.218,4.170,13.700,13.077
2019-09-10,15.700,0.000,0.000,14.200,13.012
2019-09-11,17.200,0.001,4.170,25.800,12.947
2019-09-12,18.500,0.001,4.170,23.800,12.883
2019-09-13,17.700,0.000,0.000,14.100,12.818
2019-09-14,16.300,0.000,0.000,9.000,12.753
2019-09-15,18.100,0.000,0.000,12.400,12.688
2019-09-16,17.500,0.199,4.170,11.100,12.623
2019-09-17,15.400,0.000,0.000,15.400,12.558
2019-09-18,14.200,0.000,0.000,11.100,12.493
2019-09-19,14.900,0.000,0.000,16.300,12.428
2019-09-20,15.700,0.000,0.000,21.900,12.363
2019-09-21,17.600,0.000,0.000,18.000,12.298
2019-09-22,18.200,0.408,12.500,19.900,12.232
2019-09-23,16.400,0.799,8.330,22.200,12.167
2019-09-24,16.900,42.057,16.670,24.900,12.102
2019-09-25,17.100,5.196,16.670,22.700,12.037
2019-09-26,17.000,4.983,8.330,27.500,11.971
2019-09-27,15.300,3.995,16.670,31.800,11.906
2019-09-28,15.300,0.002,4.170,31.700,11.841
2019-09-29,16.200,7.021,16.670,32.100,11.776
2019-09-30,14.200,1.020,8.330,22.000,11.710
2019-10-01,15.700,24.901,12.500,20.500,11.645
2019-10-02,10.600,3.205,8.330,19.800,11.580
2019-10-03,9.500,0.000,0.000,22.600,11.515
2019-10-04,13.300,1.016,12.500,24.900,11.449
2019-10-05,13.800,0.000,0.000,12.200,11.384
2019-10-06,14.500,4.066,16.670,27.200,11.319
2019-10-07,13.200,0.203,12.500,21.400,11.254
2019-10-08,13.900,3.799,8.330,25.100,11.190
2019-10-09,12.300,0.002,4.170,30.600,11.125
2019-10-10,12.200,0.000,0.000,26.200,11.060
2019-10-11,15.600,3.195,8.330,30.900,10.995
2019-10-12,11.600,12.976,16.670,12.300,10.931
2019-10-13,13.800,9.588,12.500,30.900,10.866
2019-10-14,13.100,2.798,8.330,19.500,10.802
2019-10-15,13.200,1.012,12.500,23.200,10.738
2019-10-16,12.900,1.598,8.330,24.100,10.674
2019-10-17,11.500,4.004,12.500,18.800,10.610
2019-10-18,12.000,6.438,12.500,29.300,10.547
2019-10-19,10.900,1.791,8.330,20.800,10.483
2019-10-20,9.500,0.199,4.170,16.700,10.419
2019-10-21,11.900,1.210,8.330,19.500,10.356
2019-10-22,10.200,0.000,0.000,11.300,10.294
2019-10-23,10.400,0.199,4.170,13.500,10.231
2019-10-24,12.000,15.951,12.500,19.500,10.168
2019-10-25,13.200,0.204,16.670,40.000,10.106
2019-10-26,13.800,3.015,8.330,35.600,10.044
2019-10-27,7.300,0.598,4.170,11.100,9.982
2019-10-28,7.000,0.001,4.170,14.600,9.921
2019-10-29,8.000,0.000,0.000,16.500,9.860
2019-10-30,8.600,0.000,0.000,25.000,9.799
2019-10-31,7.700,0.000,0.000,20.000,9.739
2019-11-01,12.900,1.012,8.330,24.800,9.679
2019-11-02,12.200,3.223,16.670,38.500,9.619
2019-11-03,8.700,0.401,8.330,15.100,9.561
2019-11-04,9.100,3.186,12.500,10.600,9.502
2019-11-05,9.300,0.005,8.330,17.900,9.444
2019-11-06,6.100,0.599,8.330,14.300,9.386
2019-11-07,5.700,7.990,8.330,25.700,9.329
2019-11-08,4.400,0.199,4.170,14.100,9.272
2019-11-09,3.700,7.007,12.500,18.600,9.217
2019-11-10,6.300,2.992,4.170,15.800,9.161
2019-11-11,5.100,4.374,8.330,25.800,9.106
2019-11-12,3.200,1.996,4.170,29.000,9.052
2019-11-13,4.100,0.000,0.000,18.700,8.999
2019-11-14,4.500,1.055,12.500,13.400,8.946
2019-11-15,4.200,0.606,12.500,24.400,8.894
2019-11-16,5.700,1.405,8.330,15.800,8.843
2019-11-17,5.900,0.000,0.000,6.600,8.793
2019-11-18,5.000,0.597,4.170,17.300,8.744
2019-11-19,2.900,0.000,0.000,9.700,8.695
2019-11-20,2.600,0.000,0.000,21.300,8.648
2019-11-21,1.800,0.000,0.000,16.900,8.601
2019-11-22,5.900,5.381,12.500,19.100,8.555
2019-11-23,8.500,0.999,8.330,17.100,8.511
2019-11-24,9.500,0.203,12.500,15.800,8.467
2019-11-25,10.300,1.007,12.500,16.500,8.425
2019-11-26,11.600,0.823,12.500,21.800,8.383
2019-11-27,10.100,11.979,16.670,19.100,8.344
2019-11-28,7.300,0.800,12.500,18.800,8.305
2019-11-29,4.700,0.403,4.170,9.600,8.267
2019-11-30,2.600,0.200,8.330,13.100,8.231
2019-12-01,2.600,0.000,0.000,19.700,8.196
2019-12-02,1.700,0.001,4.170,10.800,8.162
2019-12-03,3.800,0.000,0.000,12.900,8.130
2019-12-04,3.800,0.051,4.170,9.000,8.100
2019-12-05,4.200,0.005,4.170,26.400,8.070
2019-12-06,11.000,5.779,12.500,31.700,8.043
2019-12-07,8.400,0.000,0.000,31.800,8.017
2019-12-08,8.100,2.387,4.170,36.700,7.992
2019-12-09,4.600,0.800,8.330,32.100,7.969
2019-12-10,5.400,0.599,4.170,36.400,7.948
2019-12-11,3.100,3.997,8.330,15.900,7.928
2019-12-12,2.900,6.013,8.330,25.700,7.910
2019-12-13,3.900,6.383,12.500,32.500,7.894
2019-12-14,2.900,2.005,8.330,41.600,7.879
2019-12-15,4.300,12.369,8.330,31.500,7.866
2019-12-16,6.100,3.030,12.500,18.700,7.855
2019-12-17,5.800,4.989,12.500,10.000,7.846
2019-12-18,5.600,0.002,8.330,24.600,7.838
2019-12-19,12.000,9.026,16.670,27.700,7.832
2019-12-20,6.700,21.560,16.670,25.200,7.828
2019-12-21,5.900,4.206,12.500,22.000,7.826
2019-12-22,5.700,4.610,12.500,22.000,7.826
2019-12-23,6.000,0.000,0.000,25.700,7.827
2019-12-24,8.100,1.398,12.500,28.000,7.831
2019-12-25,4.400,0.000,0.000,19.100,7.836
2019-12-26,5.200,3.998,12.500,34.100,7.843
2019-12-27,6.500,0.007,4.170,18.700,7.851
2019-12-28,7.000,0.002,8.330,14.600,7.862
2019-12-29,4.900,0.000,0.000,17.200,7.874
2019-12-30,4.000,0.199,8.330,15.900,7.888
2019-12-31,6.200,0.001,4.170,18.400,7.904
